"rsid","Chr","bp","P"
"rs10405693",19,44823407,3E-14
"rs10402271",19,44825957,7E-14
"rs6859",19,44878777,6E-13
"rs7259620",19,44904531,6E-16
"rs1160985",19,44900155,4E-16
"rs405509",19,44905579,4E-14
"rs769450",19,44907187,3E-13
"rs8106922",19,44898409,6E-14
"rs1160985",19,44900155,0.00000003
"rs405509",19,44905579,0.00000001
"rs6859",19,44878777,0.000000001
"rs7259620",19,44904531,0.000000002
"rs769450",19,44907187,6E-19
"rs6859",19,44878777,2E-21
"rs405509",19,44905579,2E-21
"rs8106922",19,44898409,2E-20
"rs1160985",19,44900155,1E-22
"rs7259620",19,44904531,2E-23
"rs483082",19,44912921,1E-37
"rs283815",19,44887076,9E-23
"rs483082",19,44912921,1E-62
"rs157582",19,44892962,2E-35
"rs157580",19,44892009,0.000000004
"rs157580",19,44892009,4E-23
"rs157580",19,44892009,6E-14
"rs405697",19,44901434,1E-13
"rs405697",19,44901434,0.00000001
"rs584007",19,44913221,0.000000002
"rs439401",19,44911194,0.000000003
"rs584007",19,44913221,3E-14
"rs439401",19,44911194,6E-14
"rs10405693",19,44823407,0.000000001
"rs10402271",19,44825957,0.000000002
"rs769449",19,44906745,7E-30
"rs769449",19,44906745,2E-83
"rs769449",19,44906745,6E-47
"rs4420638",19,44919689,2E-24
"rs56131196",19,44919589,3E-24
"rs71352238",19,44891079,2E-25
"rs2075650",19,44892362,8E-26
"rs56131196",19,44919589,6E-77
"rs4420638",19,44919689,9E-77
"rs2075650",19,44892362,2E-71
"rs56131196",19,44919589,4E-48
"rs4420638",19,44919689,8E-48
"rs71352238",19,44891079,7E-69
"rs2075650",19,44892362,1E-39
"rs71352238",19,44891079,6E-38
"rs157582",19,44892962,1E-23
"rs157582",19,44892962,4E-63
"rs2075650",19,44892362,7E-17
"rs7609954",3,61650482,0.00000004
"rs189421534",4,9590409,0.00000002
"rs147028191",4,46412095,0.000000001
"rs183757472",4,46689227,0.000000001
"rs115809613",4,98971324,0.00000001
"rs143638193",4,140579551,0.000000004
"rs76930906",4,174174724,3E-11
"rs183600932",7,11018769,0.00000001
"rs138090874",7,31262777,0.00000004
"rs2962508",5,146158952,0.00000004
"rs188420713",8,37276671,2E-10
"rs4557697",8,62931072,0.000000008
"rs188911996",6,18173684,0.00000002
"rs150511909",14,97442349,0.000000004
"rs118099348",16,19423707,0.000000001
"rs145049847",16,22190681,0.000000008
"rs187293782",12,75763576,0.000000007
"rs117483990",12,89830937,0.000000001
"rs144288546",12,128585137,0.00000002
"rs118152978",8,126341293,2E-10
"rs146650065",10,29940940,0.00000004
"rs211257",10,31991363,0.00000002
"rs61860854",10,59580135,3E-11
"rs190780914",10,83190139,0.00000005
"rs115514216",11,25871035,0.000000003
"rs139675748",11,43611658,0.000000002
"rs113118940",20,23514209,0.00000001
"rs147525344",20,23762403,0.000000005
"rs147991290",21,32716160,0.000000003
"rs4420638",19,44919689,2E-16
"rs17639982",2,176778182,0.000000008
"rs1347297",2,178380259,0.00000005
"rs6927354",6,6316080,0.00000005
"rs16887604",6,76439941,0.00000003
"rs183826639",8,75905029,1E-12
"rs79781504",8,83837822,0.00000002
"rs75885813",16,7091262,4E-10
"rs56131196",19,44919589,3E-24
"rs12041233",1,37287106,0.000000006
"rs143083071",1,99242198,0.00000001
"rs75009721",2,24254185,0.00000002
"rs191975838",2,51894529,0.00000005
"rs115291397",2,60832908,0.000000002
"rs2970989",2,100697607,0.00000004
"rs4676049",2,109018801,0.00000004
"rs2075650",19,44892362,5E-36
"rs11754661",6,150885942,2E-10
"rs4802240",19,44849547,0.00000005
"rs61679753",19,44897490,0.00000005
"rs148601586",19,44843409,2E-43
"rs112380717",19,45019803,0.00000005
"rs2927468",19,44854682,4E-108
"rs4803760",19,44830577,0.00000005
"rs11668738",19,44844304,0.00000005
"rs2972558",19,44852884,0.00000005
"rs73050293",19,44876489,0.00000005
"rs375972689",19,44857231,1E-32
"rs8112526",19,44857505,0.00000005
"rs406456",19,44879460,0.00000005
"rs35568738",19,44899461,0.00000005
"rs157580",19,44892009,2E-208
"rs11669338",19,44879727,0.00000005
"rs760136",19,44900601,0.00000005
"rs405697",19,44901434,0.00000005
"rs157595",19,44922203,0.00000005
"rs8106813",19,44928401,0.00000005
"rs141864196",19,44902242,0.00000005
"rs150639620",19,44878035,0.00000005
"rs41290120",19,44879418,0.00000005
"rs138235833",19,44912028,0.00000005
"rs283810",19,44884984,0.00000005
"rs769446",19,44905371,0.00000005
"rs12721109",19,44943964,0.00000005
"rs1081105",19,44909698,1E-162
"rs7254133",19,44935297,0.00000005
"rs60049679",19,44926451,2E-70
"rs4263041",19,44935386,5E-10
"rs2376866",19,44997454,0.00000005
"rs35194383",19,45012792,0.00000005
"rs4803791",19,45020325,0.00000005
"rs117612135",19,45001269,9E-31
"rs76856627",19,45040497,9E-11
"rs78620885",19,45087826,0.00000005
"rs112481437",19,45045877,6E-15
"rs7251911",19,45079144,0.00000005
"rs145903417",19,45125846,0.00000005
"rs149495476",19,45193381,0.00000005
"rs138137383",19,45098343,2E-15
"rs12461065",19,45102050,1E-17
"rs8100183",19,45081434,0.00000005
"rs17643262",19,45128558,2E-30
"rs10408847",19,45131424,0.00000005
"rs12463049",19,45187692,0.00000005
"rs111243475",19,45188312,0.00000005
"rs595290",19,45205150,7E-21
"rs620807",19,45203694,0.00000005
"rs75161053",19,44544863,0.00000005
"rs2965156",19,44685157,0.00000005
"rs73035597",19,44696254,0.00000005
"rs8103315",19,44750911,0.00000005
"rs203709",19,44658298,7E-17
"rs2965163",19,44697256,0.00000005
"rs12150984",19,44698757,0.00000005
"rs11881756",19,44717621,1E-14
"rs10401176",19,44750234,0.00000005
"rs62117205",19,44752009,0.00000005
"rs2927437",19,44738381,0.00000005
"rs12459810",19,44746404,0.00000005
"rs7254776",19,44724478,0.00000005
"rs8100197",19,44750325,0.00000005
"rs2967668",19,44799694,4E-18
"rs112262807",19,44828429,0.00000005
"rs1466435",19,44839558,0.00000005
"rs140824606",19,44807827,4E-26
"rs186110295",19,44730236,0.00000005
"rs10412413",19,44824052,0.00000005
"rs12974942",19,44849230,0.00000005
"rs78986976",19,44826181,0.000000005
"rs77241309",19,44845920,0.00000005
"rs12978931",19,44860443,0.00000005
"rs346758",19,45222481,0.00000005
"rs346763",19,45226017,1E-12
"rs12461144",19,45220448,0.00000005
"rs62118504",19,45231493,5E-14
"rs11667829",19,45236417,0.00000005
"rs6069736",20,56408019,0.00000003
"rs9271192",6,32610753,7E-10
"rs7480193",11,86150377,0.00000005
"rs7113976",11,86158695,0.00000005
"rs580887",11,86120391,0.00000005
"rs7938634",11,86134431,0.00000005
"rs11603136",11,86163280,0.00000005
"rs12881735",14,92466484,0.00000002
"rs12590654",14,92472511,0.00000005
"rs7225151",17,5233752,1E-10
"rs3845261",17,5104941,0.00000005
"rs4311",17,63483402,0.00000005
"rs4147929",19,1063444,0.00000003
"rs11083742",19,44567824,0.00000005
"rs118104581",19,44557839,0.00000004
"rs11670070",19,44628686,0.00000005
"rs2919845",19,44677956,0.00000005
"rs79638902",19,44718495,0.00000005
"rs2965162",19,44695666,0.00000005
"rs2965164",19,44698782,1E-11
"rs76670936",19,44693311,0.00000005
"rs62117160",19,44728895,0.00000005
"rs73037426",19,44719517,4E-22
"rs150820726",19,44723891,0.00000003
"rs2965169",19,44747899,1E-49
"rs112450640",19,44793107,0.00000005
"rs28399657",19,44815094,0.00000005
"rs41290100",19,44867684,0.00000005
"rs28399637",19,44820881,7E-120
"rs2889414",19,44794671,0.00000005
"rs1786140",11,60141154,0.00000005
"rs4939338",11,60331752,0.00000005
"rs11666329",19,44851039,0.00000005
"rs4803764",19,44854120,0.00000005
"rs55840414",19,44840322,2E-15
"rs56394238",19,44832419,0.00000005
"rs111371860",19,44842530,5E-24
"rs41289512",19,44848259,5E-175
"rs28399664",19,44821499,0.00000005
"rs10407439",19,44838691,0.00000005
"rs2972562",19,44840407,0.00000005
"rs393584",19,44874077,0.00000005
"rs117310449",19,44890259,0.00000005
"rs412776",19,44876259,5E-15
"rs6859",19,44878777,1E-155
"rs3852860",19,44879709,0.00000005
"rs11668327",19,44895376,0.00000005
"rs1081106",19,44910109,0.00000005
"rs59325138",19,44913034,0.00000005
"rs449647",19,44905307,2E-58
"rs365653",19,44858389,0.00000005
"rs148933445",19,44799247,0.00000005
"rs144311893",19,44920687,0.00000005
"rs3925681",19,44917843,7E-162
"rs71352239",19,44926286,0.00000005
"rs73045691",19,44937272,2E-19
"rs9304644",19,44946776,0.00000005
"rs34874378",19,45013623,0.00000005
"rs57270598",19,44982891,0.00000005
"rs114248186",19,45020861,0.00000005
"rs147188206",19,45049329,0.000000002
"rs60239918",19,45077114,3E-13
"rs536518226",19,45137507,0.00000005
"rs73566293",19,45209421,0.00000005
"rs6701713",1,207612944,9E-24
"rs12036785",1,207619564,0.00000005
"rs11118328",1,207677194,0.00000005
"rs17014873",2,127072643,0.000000004
"rs6733839",2,127135234,2E-64
"rs10194375",2,127082205,0.00000005
"rs72838215",2,127104478,0.00000005
"rs6431219",2,127104557,0.00000005
"rs4663099",2,127120856,0.00000005
"rs35103166",2,127124606,0.00000005
"rs7575209",2,127126547,0.00000005
"rs58682665",2,127127671,0.00000005
"rs13025765",2,127128657,0.00000005
"rs13031703",2,127129099,0.00000005
"rs745717",2,127136321,0.00000005
"rs730482",2,127136908,0.00000005
"rs35349669",2,233159830,2E-10
"rs10933431",2,233117202,0.00000005
"rs9381563",6,47464901,1E-12
"rs9395255",6,47424807,0.00000005
"rs9395288",6,47630389,0.00000005
"rs10948374",6,47679485,0.00000005
"rs2734897",7,100561944,0.00000005
"rs2293479",7,100106335,0.00000005
"rs866500",7,100242838,0.00000005
"rs858502",7,100245730,0.00000005
"rs35305377",7,100341332,0.00000005
"rs7810606",7,143411065,1E-11
"rs56402156",7,143406388,0.00000005
"rs3935067",7,143407238,0.00000005
"rs62472729",7,143418968,0.00000005
"rs11771145",7,143413669,4E-11
"rs7805776",7,143427203,0.00000005
"rs9640386",7,143435090,0.00000005
"rs28834970",8,27337604,6E-16
"rs10109834",8,27354759,0.00000005
"rs2741342",8,27472579,0.00000005
"rs79145239",8,27462330,1E-10
"rs2269461",8,27541103,0.00000005
"rs4236673",8,27607412,4E-25
"rs4732728",8,27584004,0.00000005
"rs9331908",8,27606101,0.00000005
"rs576748",8,27629399,0.00000005
"rs485902",8,27632442,0.00000005
"rs7920721",10,11678309,1E-10
"rs12292911",11,47427521,0.00000004
"rs11605427",11,60161199,8E-17
"rs501945",11,60076769,0.00000005
"rs580064",11,60101646,0.00000005
"rs7108879",11,60313801,0.00000005
"rs56157503",11,86152038,0.000000008
"rs7114401",11,86128893,0.00000005
"rs10792832",11,86156833,6E-33
"rs527162",11,86004693,0.00000005
"rs17745409",11,86101743,0.00000005
"rs7129687",11,86160142,0.00000005
"rs61904266",11,86160172,0.00000005
"rs11218343",11,121564878,0.000000001
"rs17125924",14,52924962,0.000000006
"rs8008388",14,92470346,6E-11
"rs593742",15,58753575,6E-11
"rs889555",16,31111250,0.00000003
"rs73976310",17,5110917,0.00000005
"rs6504163",17,63468418,0.000000005
"rs3752231",19,1043639,6E-11
"rs3795065",19,1039445,0.00000005
"rs80257887",19,44516798,3E-10
"rs142034848",19,44673285,0.00000005
"rs73046410",19,44549809,2E-10
"rs143459034",19,44854769,0.00000005
"rs56261258",19,44646342,1E-21
"rs12151021",19,1050875,2E-13
"rs4311",17,63483402,0.00000001
"rs442495",15,58730416,3E-11
"rs2830489",21,26775872,0.00000003
"rs111358663",19,44693688,3E-16
"rs4803774",19,44947615,5E-15
"rs3112440",19,44864753,2E-14
"rs71171301",19,44879835,5E-29
"rs35194062",19,45001919,8E-18
"rs283813",19,44885917,8E-28
"rs138607350",19,44860563,4E-102
"rs146275714",19,44862190,1E-300
"rs12691088",19,44915229,1E-300
"rs6733839",2,127135234,1E-54
"rs867230",8,27610986,8E-26
"rs73223431",8,27362470,2E-15
"rs12703526",7,143410495,1E-11
"rs10265814",7,143424528,3E-10
"rs143080277",2,105749599,1E-12
"rs114812713",6,41066261,1E-12
"rs187370608",6,40974457,2E-23
"rs75002042",5,15669858,0.00000005
"rs2075650",19,44892362,3E-11
"rs4420638",19,44919689,1E-39
"rs4420638",19,44919689,1E-39
"rs12989701",2,127130409,3E-10
"rs744373",2,127137039,1E-10
"rs6859",19,44878777,6E-14
"rs6738962",2,80054047,0.00000001
"rs4700060",5,56214829,0.00000001
"rs112724034",5,109885325,9E-13
"rs148763909",5,154457546,0.00000001
"rs11154851",6,136046867,0.00000001
"rs58370486",7,16668236,6E-11
"rs11023139",11,14202800,7E-11
"rs61144803",12,93841389,0.00000005
"rs17393344",13,108821598,0.00000002
"rs115102486",14,95298227,0.00000002
"rs8045064",16,24664268,0.00000004
"rs117964204",17,50614721,0.000000001
"rs72832584",17,61215075,1E-11
"rs34972666",20,2404326,0.00000003
"rs157580",19,44892009,1E-40
"rs2075650",19,44892362,9E-116
"rs4420638",19,44919689,1E-12
"rs111371860",19,44842530,1E-12
"rs449647",19,44905307,9E-22
"rs78986976",19,44826181,0.00000005
"rs35568738",19,44899461,9E-10
"rs71352239",19,44926286,3E-14
"rs2967668",19,44799694,3E-11
"rs76692773",19,44890954,0.000000004
"rs4803748",19,44743791,3E-16
"rs3851179",11,86157598,0.00000001
"rs13025717",2,127128582,8E-10
"rs3818361",1,207611623,0.000000005
"rs35336243",19,44939262,0.000000002
"rs7561528",2,127132061,2E-15
"rs79638902",19,44718495,1E-10
"rs74846209",19,45146841,9E-16
"rs6859",19,44878777,7E-39
"rs4803764",19,44854120,1E-34
"rs192775394",19,45168224,0.000000008
"rs60049679",19,44926451,1E-17
"rs144261139",19,44882099,1E-10
"rs78194510",12,124853790,0.000000004
"rs759819",19,54304302,6E-12
"rs141441332",19,44935318,1E-11
"rs28399664",19,44821499,6E-16
"rs138607350",19,44860563,6E-14
"rs79701229",19,44881674,0.000000002
"rs12805422",11,45818338,2E-13
"rs1483121",11,48311808,6E-10
"rs17747324",10,112992744,0.000000005
"rs10501320",11,47272248,3E-16
"rs6656401",1,207518704,4E-15
"rs4803750",19,44744370,7E-13
"rs2279590",8,27598736,1E-17
"rs157595",19,44922203,1E-97
"rs261291",15,58387979,4E-84
"rs77301115",19,44893716,7E-74
"rs58826447",19,44825122,7E-54
"rs406315",19,44880859,5E-50
"rs41290120",19,44879418,3E-36
"rs2740488",9,104899461,9E-33
"rs6733839",2,127135234,3E-25
"rs141622900",19,44923535,3E-24
"rs12148780",15,58289090,1E-22
"rs7254723",19,44952664,7E-22
"rs2678379",2,21003688,1E-19
"rs10792832",11,86156833,1E-14
"rs35816125",18,49562460,2E-12
"rs10401176",19,44750234,3E-12
"rs5754166",22,21576488,4E-12
"rs10426401",19,44644419,3E-11
"rs10808026",7,143402040,1E-10
"rs10496731",2,134840058,0.00000002
"rs442495",15,58730416,2E-10
"rs4308",17,63482264,7E-15
"rs12595082",15,50715532,0.00000003
"rs11642612",16,30018874,0.00000002
"rs4308",17,63482264,8E-15
"rs4575098",1,161185602,4E-13
"rs920608",4,76217307,0.000000005
"rs1497525",6,27915491,0.00000002
"rs74846209",19,45146841,0.00000003
"rs79701229",19,44881674,0.00000003
"rs4803764",19,44854120,6E-17
"rs6859",19,44878777,1E-13
"rs28399664",19,44821499,0.000000003
"rs138607350",19,44860563,0.00000003
"rs449647",19,44905307,0.00000004
"rs6431220",2,127122873,5E-10
"rs4748424",10,17846684,0.000000003
"rs405509",19,44905579,3E-38
"rs6859",19,44878777,5E-27
"rs28399637",19,44820881,4E-25
"rs11668327",19,44895376,4E-20
"rs60049679",19,44926451,6E-15
"rs28399664",19,44821499,1E-13
"rs2927468",19,44854682,1E-12
"rs8103315",19,44750911,8E-11
"rs2967668",19,44799694,0.000000002
"rs111371860",19,44842530,0.000000006
"rs138607350",19,44860563,0.000000009
"rs10409808",19,44943004,0.00000001
"rs2927439",19,44739483,0.00000001
"rs115550680",19,1050421,0.000000002
"rs2075650",19,44892362,6E-14
"rs2525776",7,81272303,0.00000001
"rs76854344",2,123995579,8E-10
"rs72907046",6,81418166,0.000000001
"rs9877502",3,190951729,0.000000005
"rs769449",19,44906745,2E-16
"rs769449",19,44906745,2E-18
"rs514716",9,3929424,0.00000001
"rs514716",9,3929424,0.000000003
"rs6922617",6,41368363,0.00000004
"rs2075650",19,44892362,4E-13
"rs7175766 x rs3733980",5,168441804,7E-10
"rs9899728",17,75022679,0.00000002
"rs1925690",6,87157345,0.00000003
"rs4420638",19,44919689,8E-149
"rs7561528",2,127132061,6E-11
"rs17817600",11,85966428,0.00000002
"rs2373115",11,78380104,1E-10
"rs4968782",17,63471115,4E-12
"rs61812598",1,154447611,6E-63
"rs573521",11,102846249,2E-44
"rs56131196",19,44919589,4E-12
"rs6857",19,44888997,1E-10
"rs59007384",19,44893408,0.000000007
"rs509208",3,166296681,0.00000003
"rs640345",19,54851404,0.000000008
"rs4420638",19,44919689,2E-44
"rs187370608",6,40974457,2E-10
"rs561654715",19,44890947,6E-17
"rs112404845",7,51510325,0.00000004
"rs16961023",13,103011595,0.00000005
"rs10119",19,44903416,2E-57
"rs189753894",19,13513675,0.00000002
"rs2280575",3,66492439,0.00000002
"rs1562990",11,60255614,4E-11
"rs157580",19,44892009,8E-89
"rs536841",11,86076782,0.000000003
"rs569214",8,27630273,0.00000004
"rs744373",2,127137039,0.000000002
"rs157582",19,44892962,9E-52
"rs11218343",11,121564878,0.000000002
"rs519113",19,44873027,5E-39
"rs28399637",19,44820881,2E-143
"rs11218343",11,121564878,1E-11
"rs1476679",7,100406823,6E-14
"rs28834970",8,27337604,1E-11
"rs35349669",2,233159830,0.000000005
"rs6656401",1,207518704,4E-18
"rs6733839",2,127135234,1E-29
"rs7274581",20,56443204,0.00000003
"rs9271192",6,32610753,0.00000004
"rs9331896",8,27610169,7E-17
"rs983392",11,60156035,2E-11
"rs114360492",7,146252937,0.000000002
"rs184384746",3,57192122,0.00000001
"rs187370608",6,40974457,1E-16
"rs76726049",18,58522227,0.00000003
"rs41289512",19,44848259,6E-276
"rs76320948",19,45738583,0.00000005
"rs6014724",20,56423488,7E-10
"rs113260531",17,5235685,9E-10
"rs6931277",6,32615580,8E-11
"rs111278892",19,1039324,8E-11
"rs2093760",1,207613483,1E-18
"rs10933431",2,233117202,9E-10
"rs4575098",1,161185602,2E-10
"rs6448453",4,11024404,0.000000002
"rs59735493",16,31121779,0.00000004
"rs867611",11,86065502,2E-18
"rs3865444",19,51224706,0.000000006
"rs442495",15,58730416,0.000000001
"rs12590654",14,92472511,2E-10
"rs1160984",19,44900667,2E-20
"rs11665676",19,44875462,1E-19
"rs561654715",19,44890947,9E-19
"rs55840414",19,44840322,5E-18
"rs112481437",19,45045877,1E-17
"rs203709",19,44658298,4E-17
"rs11881756",19,44717621,5E-17
"rs76856627",19,45040497,1E-16
"rs60239918",19,45077114,2E-15
"rs41290100",19,44867684,2E-15
"rs846876",19,44576817,1E-14
"rs147188206",19,45049329,3E-14
"rs2965164",19,44698782,1E-13
"rs41290108",19,44874585,3E-13
"rs547509922",19,44828004,3E-13
"rs62118504",19,45231493,5E-13
"rs35194383",19,45012792,8E-13
"rs80257887",19,44516798,1E-12
"rs75161053",19,44544863,2E-12
"rs12461144",19,45220448,4E-12
"rs142092405",19,44820087,6E-12
"rs150820726",19,44723891,1E-11
"rs183321458",19,45077818,2E-11
"rs539159088",19,44634022,2E-11
"rs576651896",19,44960141,2E-11
"rs186110295",19,44730236,4E-11
"rs78986976",19,44826181,8E-11
"rs204907",19,44958739,9E-11
"rs9469112",6,32447376,1E-10
"rs141864196",19,44902242,3E-10
"rs11083743",19,44621921,0.000000001
"rs34181358",8,27465457,0.000000003
"rs204480",19,44973854,0.000000006
"rs10421247",19,45154228,0.000000007
"rs419010",19,44865063,0.000000008
"rs9653111",19,45089217,0.00000001
"rs4727449",7,100188127,0.00000003
"rs123187",19,45327689,0.00000004
"rs10792832",11,86156833,7E-18
"rs10948363",6,47520026,0.00000001
"rs1081105",19,44909698,1E-231
"rs157580",19,44892009,8E-220
"rs6859",19,44878777,1E-152
"rs9381563",6,47464901,3E-10
"rs11257238",10,11675398,0.00000001
"rs2081545",11,60190907,2E-15
"rs4236673",8,27607412,3E-19
"rs4663105",2,127133851,3E-44
"rs28394864",17,49373413,0.00000002
"rs7810606",7,143411065,4E-11
"rs138607350",19,44860563,3E-65
"rs79701229",19,44881674,1E-64
"rs10407439",19,44838691,1E-58
"rs2965169",19,44747899,3E-57
"rs116949436",19,44960129,7E-50
"rs55923289",19,44737327,3E-44
"rs111371860",19,44842530,6E-35
"rs2967668",19,44799694,7E-25
"rs76692773",19,44890954,9E-24
"rs11672748",19,44986934,1E-23
"rs595290",19,45205150,7E-23
"rs346757",19,45222190,2E-22
"rs34874378",19,45013623,9E-22
"rs183427010",19,44863241,3E-21
"rs111740474",19,44720227,5E-21
"rs2075650",19,44892362,1E-295
"rs570487962",15,97449455,0.000000002
"rs157591",19,44920677,2E-25
"rs6733839",2,127135234,4E-21
"rs76856627",19,45040497,9E-11
"rs112481437",19,45045877,6E-15
"rs147188206",19,45049329,0.000000002
"rs60239918",19,45077114,7E-13
"rs138137383",19,45098343,2E-15
"rs12461065",19,45102050,0.00000001
"rs17643262",19,45128558,3E-18
"rs595290",19,45205150,7E-12
"rs346763",19,45226017,0.000000003
"rs62118504",19,45231493,0.000000001
"rs6656401",1,207518704,0.00000001
"rs1476679",7,100406823,3E-10
"rs73037426",19,44719517,1E-11
"rs2965169",19,44747899,6E-24
"rs7384878",7,100334426,1E-10
"rs679515",1,207577223,0.000000005
"rs3851179",11,86157598,2E-12
"rs10119",19,44903416,1E-307
"rs111371860",19,44842530,2E-18
"rs148601586",19,44843409,2E-43
"rs2927468",19,44854682,5E-61
"rs375972689",19,44857231,1E-32
"rs412776",19,44876259,0.00000001
"rs6859",19,44878777,6E-75
"rs157580",19,44892009,6E-120
"rs449647",19,44905307,2E-58
"rs1081105",19,44909698,1E-136
"rs3925681",19,44917843,3E-90
"rs60049679",19,44926451,2E-70
"rs4263041",19,44935386,5E-10
"rs73045691",19,44937272,0.000000001
"rs117612135",19,45001269,2E-26
"rs6733839",2,127135234,0.00000002
"rs150820726",19,44723891,0.00000003
"rs6733839",2,127135234,1E-27
"rs2967668",19,44799694,6E-13
"rs140824606",19,44807827,4E-26
"rs28399637",19,44820881,8E-72
"rs3845261",17,5104941,0.00000004
"rs6701713",1,207612944,0.000000008
"rs41289512",19,44848259,6E-130
"rs10792832",11,86156833,2E-12
"rs80257887",19,44516798,0.000000006
"rs118104581",19,44557839,0.00000004
"rs56261258",19,44646342,7E-14
"rs203709",19,44658298,0.000000001
"rs11881756",19,44717621,0.000000003
"rs2075650",19,44892362,2E-16
"rs11136000",8,27607002,9E-10
"rs6733839",2,127135234,5E-20
"rs983392",11,60156035,0.00000005
"rs10792832",11,86156833,2E-11
"rs4704171",5,75072429,0.00000001
"rs11218343",11,121564878,1E-10
"rs9331896",8,27610169,6E-15
"rs10792832",11,86156833,4E-18
"rs983392",11,60156035,9E-13
"rs11771145",7,143413669,5E-10
"rs3865444",19,51224706,0.00000004
"rs28834970",8,27337604,0.000000006
"rs10948363",6,47520026,0.000000005
"rs4147929",19,1063444,0.000000003
"rs6656401",1,207518704,2E-14
"rs6733839",2,127135234,3E-30
"rs10098778",8,94979792,0.00000002
"rs7225151",17,5233752,0.00000001
"rs117834366",7,147937799,0.00000002
"rs41289512",19,44848259,3E-194
"rs4663105",2,127133851,4E-29
"rs2632516",17,58331728,0.000000001
"rs9381563",6,47464901,0.000000005
"rs3865444",19,51224706,0.00000004
"rs4236673",8,27607412,6E-20
"rs11257242",10,11679120,0.00000002
"rs11763230",7,143411748,3E-11
"rs9269853",6,32582545,0.00000003
"rs7657553",4,11721611,0.00000002
"rs7935829",11,60175342,8E-13
"rs12590654",14,92472511,0.00000002
"rs8093731",18,31508995,0.00000005
"rs6656401",1,207518704,1E-17
"rs6733839",2,127135234,1E-29
"rs11771145",7,143413669,0.00000004
"rs9331896",8,27610169,1E-18
"rs983392",11,60156035,5E-11
"rs10792832",11,86156833,1E-17
"rs11218343",11,121564878,6E-11
"rs4147929",19,1063444,0.000000009
"rs11168036",5,140327854,0.000000007
"rs7920721",10,11678309,0.00000003
"rs2632516",17,58331728,0.00000004
"rs283811",19,44885243,0.000000007
"rs283811",19,44885243,1E-15
"rs6857",19,44888997,7E-18
"rs483082",19,44912921,1E-15
"rs11168036",5,140327854,0.000000007
"rs12358692",10,11679103,0.00000003
"rs2632516",17,58331728,0.00000004
"rs9749589",19,3405594,0.00000002
"rs11257238",10,11675398,0.000000005
"rs679515",1,207577223,2E-25
"rs115186657",2,105618971,0.00000001
"rs4663105",2,127133851,4E-58
"rs7597763",2,233173931,0.000000005
"rs4504245",4,11013198,5E-12
"rs871269",5,151052827,0.000000001
"rs6891966",5,157099320,8E-10
"rs1846190",6,32616036,3E-14
"rs187370608",6,40974457,1E-25
"rs9369716",6,47584444,2E-17
"rs5011436",7,12229132,0.000000003
"rs7384878",7,100334426,9E-16
"rs3935067",7,143407238,5E-11
"rs1532278",8,27608798,2E-22
"rs7912495",10,11676714,8E-15
"rs7902657",10,59978394,0.00000004
"rs1582763",11,60254475,3E-33
"rs561655",11,86089237,1E-26
"rs11218343",11,121564878,1E-13
"rs7146179",14,52832135,7E-11
"rs12590654",14,92472511,7E-17
"rs602602",15,58764824,6E-15
"rs7209200",17,5066645,0.00000003
"rs708382",17,44364976,0.000000002
"rs28394864",17,49373413,5E-10
"rs2632516",17,58331728,7E-10
"rs6504163",17,63468418,0.000000001
"rs12151021",19,1050875,3E-15
"rs2452170",19,48710247,0.00000002
"rs1354106",19,51234736,2E-10
"rs1761461",19,54313903,0.000000002
"rs6069737",20,56420643,7E-16
"rs2154482",21,26148613,8E-10
"rs1936246",6,58045670,2E-13
"rs116139393",7,6732029,0.00000003
"rs1582763",11,60254475,0.000000002
"rs2732703",17,46275856,0.000000006
"rs679515",1,207577223,0.000000004
"rs6733839",2,127135234,0.000000001
"rs9331896",8,27610169,0.000000003
"rs471470",11,86120499,0.00000003
"rs4663105",2,127133851,2E-12
"rs3851179",11,86157598,0.000000001
"rs2075650",19,44892362,2E-157
"rs7081208; rs17314229; rs2446581",10,13949865,1E-10
"rs79846291",6,135756791,0.00000002
"rs78049001",5,126272219,0.00000003
"rs28381924",7,87543786,0.00000005
"rs6985143",8,16108576,0.00000003
"rs142214173",8,36006420,0.00000001
"rs17033324",1,115169958,2E-12
"rs2265081",1,153527732,0.00000005
"rs12137733",1,221521649,0.00000002
"rs111535588",2,165296141,0.00000005
"rs184621768",4,65977824,0.00000002
"rs10122329",9,2844360,0.00000002
"rs79523756",9,114127254,0.000000002
"rs10819287",9,127404103,0.000000003
"rs148405458",10,3254357,0.00000004
"rs594284",18,65373686,0.00000001
"rs10182651",2,233575317,0.000000001
"rs1590594",13,47612501,0.00000003
"rs79538982",13,70946701,0.000000002
"rs7985509",13,81170245,0.00000001
"rs3764650",19,1046521,5E-17
"rs610932",11,60171834,2E-14
"rs3818361",1,207611623,4E-14
"rs744373",2,127137039,3E-14
"rs2718058",7,37801932,0.000000005
"rs7274581",20,56443204,0.00000003
"rs11218343",11,121564878,1E-14
"rs6656401",1,207518704,6E-24
"rs6733839",2,127135234,7E-44
"rs10948363",6,47520026,5E-11
"rs11771145",7,143413669,1E-13
"rs9331896",8,27610169,3E-25
"rs983392",11,60156035,6E-16
"rs10792832",11,86156833,9E-26
"rs4147929",19,1063444,1E-15
"rs35349669",2,233159830,0.00000003
"rs190982",5,88927603,0.00000003
"rs1476679",7,100406823,6E-10
"rs10838725",11,47536319,0.00000001
"rs17125944",14,52933911,0.000000008
"rs9271192",6,32610753,3E-12
"rs28834970",8,27337604,7E-14
"rs10498633",14,92460608,0.000000006
"rs7561528",2,127132061,4E-14
"rs4938933",11,60266956,8E-12
"rs6701713",1,207612944,5E-10
"rs561655",11,86089237,7E-11
"rs9349407",6,47485642,0.000000009
"rs3865444",19,51224706,0.000000002
"rs11767557",7,143412046,6E-10
"rs10792832",11,86156833,0.000000006
"rs6656401",1,207518704,0.000000004
"rs75627662",19,44910319,1E-295
"rs4663105",2,127133851,6E-26
"rs6448451",4,11023058,0.00000001
"rs1532278",8,27608798,0.000000007
"rs114360492",7,146252937,0.000000002
"rs679515",1,207577223,9E-10
"rs184384746",3,57192122,0.00000001
"rs1582763",11,60254475,0.000000005
"rs3844143",11,86139201,5E-11
"rs9916042",17,5081152,0.00000005
"rs187370608",6,40974457,2E-16
"rs7384878",7,100334426,2E-10
"rs1476679",7,100406823,0.000000001
"rs9994623",4,184155489,0.00000001
"rs201109606",3,3790149,0.00000003
"rs5117",19,44915533,9E-18
"rs10234094",7,131007000,0.00000002
"rs62256378",3,67406609,3E-12
"rs12444183",16,81739604,7E-12
"rs2154481",21,26101558,1E-11
"rs4351014",4,11025995,9E-12
"rs79832570",8,144042819,4E-13
"rs72835061",17,4902142,2E-10
"rs7342692",16,81870119,0.000000006
"rs876461",2,37288815,0.000000001
"rs7185636",16,19796841,0.00000002
"rs593742",15,58753575,0.000000007
"rs2830500",21,26784537,0.00000003
"rs2632516",17,58331728,0.00000005
"rs7920721",10,11678309,2E-11
"rs138190086",17,63460787,0.000000005
"rs114812713",6,41066261,2E-13
"rs62039712",16,79321960,0.00000004
"rs1532278",8,27608798,6E-10
"rs6656401",1,207518704,7E-11
